Feature,Importance
血红蛋白（术前）,0.15644862017086547
肌酐（术前）,0.16187230050021803
红细胞比容（术前）,0.16939765778584912
是否独肾,0.1712585911018264
尿素氮（术前）,0.17388013060347163
Hypertension,0.18296102740868614
Diabetes,0.18541044284685534
Preoperative Glucose,0.1941993106933536
Age,0.19994354164267392
乳酸（术前）,0.22970362565717228
