Feature,Importance
血红蛋白（术前）,0.16830565296035851
尿素氮（术前）,0.1696495544015866
是否独肾,0.17035955071398656
Hypertension,0.17374240919743525
Diabetes,0.1751901232258405
红细胞比容（术前）,0.17586441240186726
肌酐（术前）,0.18256296919634094
Preoperative Glucose,0.1944063907368912
Age,0.1981051786225031
乳酸（术前）,0.2226283090498395
