Feature,Importance
血红蛋白（术前）,0.16268480120601436
是否独肾,0.16726623627563214
红细胞比容（术前）,0.16981755781739974
尿素氮（术前）,0.17450619385309873
Hypertension,0.17546672209434222
Diabetes,0.17554284091410913
肌酐（术前）,0.18857335840316602
Age,0.19020254233429107
Preoperative Glucose,0.19868719301600582
乳酸（术前）,0.2237218803490447
