Feature,Importance
红细胞比容（术前）,0.16334890323380585
尿素氮（术前）,0.16655610309761404
是否独肾,0.1719949300135839
血红蛋白（术前）,0.17699315478091587
Hypertension,0.17937603290951404
肌酐（术前）,0.18189676724023124
Preoperative Glucose,0.18471399236470096
Diabetes,0.18845593629043345
Age,0.19311460444297437
乳酸（术前）,0.23053605645419256
