Feature,Importance
是否独肾,0.17055132041859034
血红蛋白（术前）,0.17172104978244493
尿素氮（术前）,0.17364279293160992
Hypertension,0.17701437592745653
红细胞比容（术前）,0.1789951461442336
Diabetes,0.179184174798888
肌酐（术前）,0.1825634320572408
Age,0.1943860636163813
Preoperative Glucose,0.19626980382353437
乳酸（术前）,0.23191630559252657
